pipeline,horizon,horizon_hours,model,mae,rmse,r2,mse,mae_top_decile,mse_top_decile,rmse_top_decile,keras_backend,file,seq_len,tmax,val_start,test_start,n_train,n_val,n_test,mae_pre_harmattan,rmse_pre_harmattan,r2_pre_harmattan,mae_harmattan,rmse_harmattan,r2_harmattan,note,mae_lower95,mae_upper95,rmse_lower95,rmse_upper95,mae_top_decile_lower95,mae_top_decile_upper95
deep,h24,24,mh_lstm,12.3142671585083,19.22909877623217,0.0282513499259948,369.75823974609375,39.60653305053711,,49.37722502897971,tensorflow,sequences_mh_h672_L1344.npz,1344.0,2026-02-15 23:00:00,2026-01-04 23:00:00,2026-01-18 23:00:00,1374.0,1285.0,1957.0,,,,,,,multi-horizon:sequences_mh_h672_L1344,9.990701159766331,14.585804478849264,15.625518747035755,22.96196194960897,31.50705993778188,49.6716452349151
deep,h24,24,mh_lstm_mha,12.944830894470217,18.299590993177365,0.1199266910552978,334.8750305175781,28.94976234436035,,40.13363297900839,tensorflow,sequences_mh_h672_L1344.npz,1344.0,2026-02-15 23:00:00,2026-01-04 23:00:00,2026-01-18 23:00:00,1374.0,1285.0,1957.0,,,,,,,multi-horizon:sequences_mh_h672_L1344,10.656481226524894,14.86552657378408,14.737182055398788,21.616154592302102,20.652336459561653,38.99031003932564
deep,h24,24,lstm_mha,19.12255859375,25.00914993690122,-0.603157639503479,625.4575805664062,48.11421203613281,,56.22878940376096,tensorflow,sequences_h24_L168.npz,168.0,2026-02-15 23:00:00,2026-01-04 23:00:00,2026-01-18 23:00:00,14379.0,1016.0,3807.0,,,,,,,,17.848477195209814,20.50697028855704,23.12214626430985,27.155134446342466,42.09713117669715,55.24216933698607
deep,h24,24,lstm,23.19179344177246,30.24303211007351,-1.3443856239318848,914.6409912109376,53.3571662902832,,63.32970174449644,tensorflow,sequences_h24_L168.npz,168.0,2026-02-15 23:00:00,2026-01-04 23:00:00,2026-01-18 23:00:00,14379.0,1016.0,3807.0,,,,,,,,19.920214728875923,27.07633159650949,26.716441097240534,34.00373853145252,44.43933696049555,64.10228300521412
tabular,h24,24,ridge_ar_lag_fourier,11.960368602918498,18.22157058012975,0.2101944224130986,332.02563440665,35.65078534356081,2093.5919172804324,45.755785615378,,,,,,,,,,,,,,,,,10.957729039706484,12.981594030077654,16.242330118671493,20.31912893987765,30.98624072174735,40.85597958976563
tabular,h24,24,naive_level,13.333089692765114,22.459198793445605,-0.1995828916858888,504.41561044350846,,,,,,,,,,,,,,,,,,,,11.485365460852329,15.021226531709164,19.162112865587265,25.705783883131037,28.117227951961866,41.84985738678034
tabular,h24,24,seasonal_naive_24h,13.75823835480674,21.93614307101437,-0.1443579973772655,481.1943728320119,,,,,,,,,,,,,,,,,,,,12.239596164306066,15.09712980173482,19.06187471657704,24.66308582984213,29.700863425925924,41.267217592592594
tabular,h24,24,rf,14.0904386269871,18.970143271320165,0.1439683876917312,359.86633573441367,27.040192697231877,1501.2539517212765,38.74601852734389,,,,,,,,,,,,,,,,,12.621120005463942,15.578213648365413,17.010465776481297,21.00126151940346,22.152455835926144,32.364927927072785
tabular,h24,24,seasonal_naive_168h,14.587057475779,21.458337175626333,-0.094413947190868,460.4602343428671,,,,,,,,,,,,,,,,,,,,13.332024440966862,15.640658004298936,19.6320635309826,23.32896209017427,27.721309488245623,36.57632448357448
tabular,h24,24,seasonal_naive_336h,15.6667079495621,23.43208508086689,-0.3011348583419164,549.0626112369849,,,,,,,,,,,,,,,,,,,,13.398774782109223,17.670182471940755,20.35883651992049,25.943554812286184,28.90324936332768,38.34218424687409
tabular,h24,24,seasonal_naive_672h,18.987970272049107,26.129244678357686,-0.5654273599553501,682.7374274614834,,,,,,,,,,,,,,,,,,,,17.735806665710438,20.400928046186557,24.04832463780971,28.922225101938228,36.16425024874293,46.46712818929902
tabular,h24,24,linear_svr,20.10424572356336,26.168834680633346,-0.6289859869070127,684.8079085423184,51.92616514959674,3514.029496071006,59.27925013080889,,,,,,,,,,,,,,,,,18.469293309559287,22.08793517182268,24.64338074475773,28.06733569663225,47.53765913292785,57.1319679055742
tabular,h24,24,xgboost,22.15789935291773,27.07002245486305,-0.7431140893616239,732.7861157067898,22.899792833751057,1176.2569251219572,34.29660223873434,,,,,,,,,,,,,,,,,19.634042431867037,24.659141724827208,24.703197124261465,29.41665856914783,18.91501098933743,27.249366397426638
tabular,h24,24,ridge,25.242398977175416,30.4838790833464,-1.2104924800050112,929.2668839680842,54.50924195992488,3890.874403943802,62.37687395135959,,,,,,,,,,,,,,,,,23.8781571489147,27.18400823033018,29.143845896491,32.11574886926225,49.70817142531464,59.55625064554262
deep,h168,168,mh_lstm_mha,11.32064151763916,17.942035168189882,0.1548699736595153,321.9166259765625,33.4451904296875,,44.86933884468741,tensorflow,sequences_mh_h672_L1344.npz,1344.0,2026-02-15 23:00:00,2026-01-04 23:00:00,2026-01-18 23:00:00,1374.0,1285.0,1957.0,,,,,,,multi-horizon:sequences_mh_h672_L1344,9.683141136081108,12.92222131697816,14.655509815781905,20.132068969916137,24.6527075685894,38.62205005458423
deep,h168,168,lstm,13.036506652832031,18.79756093537512,0.2070997357368469,353.3482971191406,33.9733772277832,,44.37284738396824,tensorflow,sequences_h168_L336.npz,336.0,2026-02-15 23:00:00,2026-01-04 23:00:00,2026-01-18 23:00:00,11250.0,1367.0,2782.0,,,,,,,,11.919049381924824,14.051243990692925,16.681799274293745,20.906777736039054,28.07826187055171,39.3902507936403
deep,h168,168,mh_lstm,15.01817226409912,21.55264862140281,-0.2194989919662475,464.51666259765625,42.41739273071289,,52.818770430270575,tensorflow,sequences_mh_h672_L1344.npz,1344.0,2026-02-15 23:00:00,2026-01-04 23:00:00,2026-01-18 23:00:00,1374.0,1285.0,1957.0,,,,,,,multi-horizon:sequences_mh_h672_L1344,12.754150099588646,16.593787103321823,18.248727445426503,23.38017775955306,34.22314775515355,46.83537919618769
deep,h168,168,lstm_mha,23.8612117767334,30.3983100019814,-1.073549747467041,924.0572509765624,62.561073303222656,,69.2279409812252,tensorflow,sequences_h168_L336.npz,336.0,2026-02-15 23:00:00,2026-01-04 23:00:00,2026-01-18 23:00:00,11250.0,1367.0,2782.0,,,,,,,,21.56843882721704,26.54206442947899,27.669283295637705,33.11444834271752,56.15404096515997,69.35940486835611
tabular,h168,168,seasonal_naive_24h,14.587057475779,21.458337175626333,-0.094413947190868,460.4602343428671,,,,,,,,,,,,,,,,,,,,13.332024440966862,15.640658004298936,19.6320635309826,23.32896209017427,27.721309488245623,36.57632448357448
tabular,h168,168,naive_level,14.659898414271558,21.75151995218785,-0.1252067600893416,473.1286202304262,,,,,,,,,,,,,,,,,,,,13.483119581372303,15.952190619146334,19.610215308490854,24.25078124535769,27.983447894820277,37.86314623374102
tabular,h168,168,seasonal_naive_168h,15.38500870390012,22.738087286156105,-0.2263907212399702,517.0206134328539,,,,,,,,,,,,,,,,,,,,13.395535097900842,17.234077950065004,19.929525806961607,25.6223072668401,28.237045015429853,35.993753479349195
tabular,h168,168,seasonal_naive_672h,16.909146219182883,24.728703617988412,-0.5841265302462635,611.5087826263134,,,,,,,,,,,,,,,,,,,,15.484110212792944,18.21321715415653,21.642651989020685,27.82077753377584,33.02356120497174,42.61788927988576
tabular,h168,168,seasonal_naive_336h,17.48754648384197,24.90547394037121,-0.4252652396610548,620.2826321945093,,,,,,,,,,,,,,,,,,,,15.917581984506628,18.928453094743528,22.327294568502307,27.3137201623814,32.083468101777605,42.62864575075313
tabular,h168,168,rf,19.075284066800435,24.28567775904115,-0.4029721095551328,589.794144215986,22.925072242510797,1224.3522809901615,34.990745647816105,,,,,,,,,,,,,,,,,15.82929709888946,22.5510677212027,21.059595249938543,27.491361227890284,18.657586905285253,27.568713869162558
tabular,h168,168,linear_svr,37.20903906087681,41.14385835835798,-3.026786589811114,1692.817080612624,69.48284806175523,5638.959720040303,75.09300713142538,,,,,,,,,,,,,,,,,35.1782351279049,39.25355808792792,39.42230091173825,42.98956972600898,64.30781448424513,74.96123468236445
tabular,h168,168,xgboost,43.462794321280825,50.932072665934456,-5.170655219795167,2594.076026048028,28.8063063475886,1310.419925234342,36.19972272316933,,,,,,,,,,,,,,,,,36.687859070115024,51.23433558215533,44.26184522802446,57.86603846963911,25.866412821007863,31.88369475878021
tabular,h168,168,ridge,63.27655293344032,65.97958028702271,-9.355419056155924,4353.305014851677,92.97191163882522,9500.5995426313,97.4710189883706,,,,,,,,,,,,,,,,,60.25828425988385,66.21284438698677,63.329647532579465,68.59670055661326,87.98328268442799,97.89899433328176
tabular,h168,168,ridge_ar_lag_fourier,98.13785835016829,99.73240029009526,-22.66034778876165,9946.551667623791,129.42781804153228,17591.135883939118,132.6315795123436,,,,,,,,,,,,,,,,,95.98974163221447,100.33614500481086,97.7754992070993,101.8394215077822,124.5595713308556,134.51884203053694
deep,h336,336,mh_lstm_mha,9.77858543395996,16.579997942916318,0.1081166267395019,274.8963317871094,33.35344696044922,,44.35498283116706,tensorflow,sequences_mh_h672_L1344.npz,1344.0,2026-02-15 23:00:00,2026-01-04 23:00:00,2026-01-18 23:00:00,1374.0,1285.0,1957.0,,,,,,,multi-horizon:sequences_mh_h672_L1344,8.687237147058708,10.7959697041849,13.657387338590436,19.50603750336425,25.581349498970884,41.35791823561421
deep,h336,336,lstm,14.314952850341797,21.41103818483223,-0.0112923383712768,458.43255615234375,43.510929107666016,,54.74095378676165,tensorflow,sequences_h336_L672.npz,672.0,2026-02-15 23:00:00,2026-01-04 23:00:00,2026-01-18 23:00:00,7364.0,1827.0,1557.0,,,,,,,,12.70184254153424,15.723316814180514,18.436359396627747,23.84297971433849,36.40680246713026,49.72941238105677
deep,h336,336,lstm_mha,15.108851432800291,22.086971036128546,-0.076151967048645,487.8342895507813,43.78268814086914,,55.04118885619319,tensorflow,sequences_h336_L672.npz,672.0,2026-02-15 23:00:00,2026-01-04 23:00:00,2026-01-18 23:00:00,7364.0,1827.0,1557.0,,,,,,,,13.36517491571476,17.057617566406762,19.09712267701631,24.575229358820224,36.55228014691469,50.6720897325285
deep,h336,336,mh_lstm,16.57764434814453,22.003144472988826,-0.5707557201385498,484.1383666992188,40.83848571777344,,50.49548924006728,tensorflow,sequences_mh_h672_L1344.npz,1344.0,2026-02-15 23:00:00,2026-01-04 23:00:00,2026-01-18 23:00:00,1374.0,1285.0,1957.0,,,,,,,multi-horizon:sequences_mh_h672_L1344,14.72416843510612,18.445693631454212,19.20643470728685,24.56091525015562,33.60856624609687,48.05895254325338
tabular,h336,336,linear_svr,14.520343036718677,19.494485996525107,0.0959922393041329,380.0349842687135,26.529296760378568,1465.189446366764,38.27779312299449,,,,,,,,,,,,,,,,,12.571941416292656,16.269410515967344,17.131432639876543,21.819537250343256,21.85033324877652,31.65948167302094
tabular,h336,336,naive_level,15.38500870390012,22.738087286156105,-0.2263907212399702,517.0206134328539,,,,,,,,,,,,,,,,,,,,13.395535097900842,17.234077950065004,19.929525806961607,25.6223072668401,28.237045015429853,35.993753479349195
tabular,h336,336,ridge_ar_lag_fourier,15.39386319400417,20.309667897924985,0.018807488416571,412.4826101240048,25.70920433846706,1437.8778622235195,37.91935999227202,,,,,,,,,,,,,,,,,13.481477645519655,17.16548713468395,17.786377623850772,22.617733049309003,20.78921141705897,30.838762116836968
tabular,h336,336,seasonal_naive_24h,15.6667079495621,23.43208508086689,-0.3011348583419164,549.0626112369849,,,,,,,,,,,,,,,,,,,,13.398774782109223,17.670182471940755,20.35883651992049,25.943554812286184,28.90324936332768,38.34218424687409
tabular,h336,336,seasonal_naive_672h,16.525136239782018,24.130709311454485,-0.385124327991339,582.2911318739162,,,,,,,,,,,,,,,,,,,,14.93929906180332,18.16111298612832,21.7963373880488,26.653289377822656,35.21903988635689,44.39048603340064
tabular,h336,336,seasonal_naive_168h,17.48754648384197,24.90547394037121,-0.4252652396610548,620.2826321945093,,,,,,,,,,,,,,,,,,,,15.917581984506628,18.928453094743528,22.327294568502307,27.3137201623814,32.083468101777605,42.62864575075313
tabular,h336,336,seasonal_naive_336h,18.88084157821644,25.544064541679624,-0.5348671069158981,652.4992333094943,,,,,,,,,,,,,,,,,,,,17.57458640676204,20.36366145076746,23.28490631749712,28.01599503628312,34.918873652516936,45.34854832685713
tabular,h336,336,rf,19.64073212589288,25.46954654343106,-0.5430891124260508,648.6978011280012,24.15314997268648,1341.8774748083022,36.63164581080547,,,,,,,,,,,,,,,,,16.310208111558886,22.96219764091873,21.89198698756762,28.693494821945883,19.403432057094847,30.927407810318957
tabular,h336,336,xgboost,24.876628193395813,31.7276207717657,-1.3945482533023004,1006.6419198369782,20.43437323452804,1001.1484613007576,31.6409301585898,,,,,,,,,,,,,,,,,20.774577677525716,29.186689641979445,27.29210630996253,36.178204293755314,17.187462268339072,24.852786738819542
tabular,h336,336,ridge,50.00793884210548,52.38321564263384,-5.527289739425915,2744.0012810626786,29.284687838669218,1327.1441948930012,36.42999032243903,,,,,,,,,,,,,,,,,48.10779453970284,51.91647486524783,50.29194573899598,54.37016626463202,26.88827616640748,32.29336458087826
deep,h672,672,mh_lstm_mha,13.56332015991211,19.98317315825133,0.0411726832389831,399.32720947265625,32.17033767700195,,45.07090632192443,tensorflow,sequences_mh_h672_L1344.npz,1344.0,2026-02-15 23:00:00,2026-01-04 23:00:00,2026-01-18 23:00:00,1374.0,1285.0,1957.0,,,,,,,multi-horizon:sequences_mh_h672_L1344,11.246078451153693,16.349676366583633,16.835368165317032,23.530237729431143,25.532791934939084,39.67732262520497
deep,h672,672,lstm_mha,13.574110984802246,20.64571861237783,-0.1243960857391357,426.2456970214844,46.08460998535156,,54.02135808091324,tensorflow,sequences_h672_L1344.npz,1344.0,2026-02-15 23:00:00,2026-01-04 23:00:00,2026-01-18 23:00:00,1374.0,1285.0,2507.0,,,,,,,,12.040063294971612,15.62707893461952,18.20208085060971,23.58428840480744,40.599671992423794,53.33861435153094
deep,h672,672,lstm,14.22772216796875,21.16489232753921,-0.181657075881958,447.9526672363281,47.249473571777344,,54.89903508017581,tensorflow,sequences_h672_L1344.npz,1344.0,2026-02-15 23:00:00,2026-01-04 23:00:00,2026-01-18 23:00:00,1374.0,1285.0,2507.0,,,,,,,,12.23633799977663,16.36114525231865,18.48546370556538,23.98281046928181,41.40218109025875,54.01450206875869
deep,h672,672,mh_lstm,14.924238204956056,21.371323297181583,-0.0966657400131225,456.73345947265625,39.61138153076172,,51.43829263514439,tensorflow,sequences_mh_h672_L1344.npz,1344.0,2026-02-15 23:00:00,2026-01-04 23:00:00,2026-01-18 23:00:00,1374.0,1285.0,1957.0,,,,,,,multi-horizon:sequences_mh_h672_L1344,13.4102377879845,16.75964283245555,18.84399982274613,23.780926117656943,32.45916811057499,47.284208980502456
tabular,h672,672,ridge_ar_lag_fourier,15.480862084600927,21.02070978367119,-0.051098300270518,441.8702398093296,32.72746598896023,1897.8420705376927,43.5642292544892,,,,,,,,,,,,,,,,,14.162679678964755,16.784771967158612,19.090854324954226,23.00942325617574,27.555558664043588,37.83764709744072
tabular,h672,672,rf,15.617730389925738,21.38392802935211,-0.0877361178398306,457.2723779645108,27.801906013382503,1512.4000358890503,38.88958775673831,,,,,,,,,,,,,,,,,13.264133889883372,17.84947097062637,18.30026771023739,24.01717177620197,23.754423904556,32.4815975390668
tabular,h672,672,seasonal_naive_336h,16.525136239782018,24.130709311454485,-0.385124327991339,582.2911318739162,,,,,,,,,,,,,,,,,,,,14.93929906180332,18.16111298612832,21.7963373880488,26.653289377822656,35.21903988635689,44.39048603340064
tabular,h672,672,seasonal_naive_168h,16.909146219182883,24.728703617988412,-0.5841265302462635,611.5087826263134,,,,,,,,,,,,,,,,,,,,15.484110212792944,18.21321715415653,21.642651989020685,27.82077753377584,33.02356120497174,42.61788927988576
tabular,h672,672,seasonal_naive_672h,17.9899863760218,25.17196048371596,-0.5072408767998993,633.6275945937577,,,,,,,,,,,,,,,,,,,,16.64655723619024,19.60408967054744,22.97526314678973,27.52752073292224,38.261573752435815,47.4488197167756
tabular,h672,672,naive_level,18.88084157821644,25.544064541679624,-0.5348671069158981,652.4992333094943,,,,,,,,,,,,,,,,,,,,17.57458640676204,20.36366145076746,23.28490631749712,28.01599503628312,34.918873652516936,45.34854832685713
tabular,h672,672,seasonal_naive_24h,18.987970272049107,26.129244678357686,-0.5654273599553501,682.7374274614834,,,,,,,,,,,,,,,,,,,,17.735806665710438,20.400928046186557,24.04832463780971,28.922225101938228,36.16425024874293,46.46712818929902
tabular,h672,672,xgboost,19.246938427161368,25.410960015791623,-0.5359982711146638,645.7168889241607,26.664783094904102,1441.3266768487167,37.96480840000008,,,,,,,,,,,,,,,,,16.334096199930496,22.326957947713534,21.651275409747527,29.21462250818632,22.5235692793327,31.36243402620353
tabular,h672,672,linear_svr,23.47574674373092,28.279626190577925,-0.902374037142037,799.737257478821,26.496035904708556,1475.6715286491058,38.4144703028573,,,,,,,,,,,,,,,,,20.82787750163924,26.366212419130584,25.558344001192435,30.95829220658348,21.12256224040036,32.488963213651985
tabular,h672,672,ridge,24.287607274592123,29.866152763782328,-1.1218131934205178,891.9870809095828,24.839502241226292,1303.5394701411335,36.10456300997332,,,,,,,,,,,,,,,,,20.822923620198534,28.11335784648601,26.569136775132343,33.188762221743005,20.89800844870884,29.69668871206437
